<?xml version="1.0" encoding="UTF-8"?>
<launch4jConfig>
  <dontWrapJar>false</dontWrapJar>
  <headerType>gui</headerType>
  <jar>ClientApp.jar</jar>
  <outfile>ClientApp.exe</outfile>
  <errTitle>ClientApp Error</errTitle>
  <cmdLine />
  <chdir>.</chdir>
  <priority>normal</priority>
  <downloadUrl>https://adoptopenjdk.net/</downloadUrl>
  <supportUrl>https://your-support-url.example.com</supportUrl>
  <manifest />
  <icon />
  <jre>
    <minVersion>1.8.0</minVersion>
    <jdkPreference>preferJre</jdkPreference>
  </jre>
</launch4jConfig>
